timestamp_ms,price,datetime,volume
1790930160000,30654.25,2026-10-02 14:06:00.000,177
1790930220000,30655.5,2026-10-02 14:07:00.000,185
1790930280000,30656.5,2026-10-02 14:08:00.000,143
1790930340000,30648.75,2026-10-02 14:09:00.000,159
1790930400000,30651.75,2026-10-02 14:10:00.000,161
1790930460000,30655.75,2026-10-02 14:11:00.000,176
1790930520000,30655.5,2026-10-02 14:12:00.000,135
1790930580000,30665.25,2026-10-02 14:13:00.000,158
1790930640000,30658,2026-10-02 14:14:00.000,189
1790930700000,30650.5,2026-10-02 14:15:00.000,188
1790930760000,30646.75,2026-10-02 14:16:00.000,173
1790930820000,30640.25,2026-10-02 14:17:00.000,175
1790930880000,30645,2026-10-02 14:18:00.000,138
1790930940000,30645,2026-10-02 14:19:00.000,98
1790931000000,30643.75,2026-10-02 14:20:00.000,145
1790931060000,30644.75,2026-10-02 14:21:00.000,157
1790931120000,30642.25,2026-10-02 14:22:00.000,137
1790931180000,30640.5,2026-10-02 14:23:00.000,167
1790931240000,30642,2026-10-02 14:24:00.000,163
1790931300000,30643.5,2026-10-02 14:25:00.000,159
1790931360000,30639.5,2026-10-02 14:26:00.000,165
1790931420000,30645.75,2026-10-02 14:27:00.000,193
1790931480000,30644.5,2026-10-02 14:28:00.000,150
1790931540000,30646.86,2026-10-02 14:29:00.000,156
1790931600000,30652.36,2026-10-02 14:30:00.000,287
1790931660000,30658.36,2026-10-02 14:31:00.000,324
1790931720000,30651,2026-10-02 14:32:00.000,298
1790931780000,30651.86,2026-10-02 14:33:00.000,314
1790931840000,30654.5,2026-10-02 14:34:00.000,322
1790931900000,30664.5,2026-10-02 14:35:00.000,301
1790931960000,30658.25,2026-10-02 14:36:00.000,294
1790932020000,30667.25,2026-10-02 14:37:00.000,335
1790932080000,30674.25,2026-10-02 14:38:00.000,280
1790932140000,30661.75,2026-10-02 14:39:00.000,254
1790932200000,30666,2026-10-02 14:40:00.000,280
1790932260000,30660.25,2026-10-02 14:41:00.000,258
1790932320000,30666.61,2026-10-02 14:42:00.000,301
1790932380000,30665.5,2026-10-02 14:43:00.000,229
1790932440000,30656,2026-10-02 14:44:00.000,226
1790932500000,30647.11,2026-10-02 14:45:00.000,267
1790932560000,30645.5,2026-10-02 14:46:00.000,240
1790932620000,30643.75,2026-10-02 14:47:00.000,223
1790932680000,30632.75,2026-10-02 14:48:00.000,257
1790932740000,30632.11,2026-10-02 14:49:00.000,180
1790932800000,30631,2026-10-02 14:50:00.000,201
1790932860000,30632.25,2026-10-02 14:51:00.000,214
1790932920000,30638.25,2026-10-02 14:52:00.000,266
1790932980000,30636.5,2026-10-02 14:53:00.000,216
1790933040000,30633.75,2026-10-02 14:54:00.000,208
1790933100000,30634,2026-10-02 14:55:00.000,74
